CVE-2023-48795,master,kex_agree_instr
CVE-2023-48795,master,_libssh2_kex_agree_instr
CVE-2023-48795,master,kex_agree_hostkey
CVE-2023-48795,master,kex_agree_crypt
CVE-2023-48795,master,kex_agree_mac
CVE-2023-48795,master,kex_agree_comp
CVE-2023-48795,master,_libssh2_kex_exchange
CVE-2023-48795,master,_libssh2_packet_add
CVE-2023-48795,master,_libssh2_packet_ask
CVE-2023-48795,master,_libssh2_packet_require
CVE-2023-48795,master,libssh2_session_init_ex
CVE-2023-48795,master,libssh2_session_disconnect_ex
CVE-2023-48795,master,_libssh2_transport_send
CVE-2023-48795,master,_libssh2_transport_read
