libssh2_session_init_ex,libssh2,Top-1 + bb_hash 3
_libssh2_packet_add,libssh2,Top-1 + bb_hash 186
kex_agree_mac,libssh2,Top-1 + bb_hash 19
_libssh2_kex_exchange,libssh2,Top-1 + bb_hash 163
kex_agree_instr,libssh2,Top-1 + bb_hash 17
_libssh2_transport_send,libssh2,Top-1 + bb_hash 56
_libssh2_transport_read,libssh2,Top-1 + bb_hash 88
kex_agree_hostkey,libssh2,Top-1 + bb_hash 32
kex_agree_crypt,libssh2,Top-1 + bb_hash 19
kex_agree_comp,libssh2,Top-1 + bb_hash 21
libssh2_session_disconnect_ex,libssh2,Top-1 + bb_hash 21
_libssh2_packet_require,libssh2,Top-1 + bb_hash 15
_libssh2_packet_ask,libssh2,Top-1 + bb_hash 9
