diffie_hellman_sha1,libssh2,Top-1 (7)
sftp_readdir,libssh2,Top-25 (4) (tie)
sftp_fstat,libssh2,Top-25 (0) (tie)
sftp_packet_ask,libssh2,Not Found
userauth_password,libssh2,Top-25 (1) (tie)
sftp_packet_requirev,libssh2,Top-25 (2) (tie)
sftp_packet_require,libssh2,Not Found
_libssh2_userauth_publickey,libssh2,Top-25 (0) (tie)
kex_method_diffie_hellman_group_exchange_sha1_key_exchange,libssh2,Top-1 (0)
sftp_init,libssh2,Top-25 (1) (tie)
kex_method_diffie_hellman_group_exchange_sha256_key_exchange,libssh2,Top-25 (0) (tie)
sftp_open,libssh2,Top-25 (2) (tie)
sftp_rmdir,libssh2,Top-25 (0) (tie)
kex_agree_methods,libssh2,Top-1 (13)
userauth_keyboard_interactive,libssh2,Top-25 (7) (tie)
sftp_read,libssh2,Top-25 (6) (tie)
sftp_close_handle,libssh2,Top-25 (0) (tie)
_libssh2_packet_add,libssh2,Top-25 (10) (tie)
sftp_packet_read,libssh2,Top-25+bb_hash (3)
userauth_hostbased_fromfile,libssh2,Top-25 (1) (tie)
_libssh2_transport_read,libssh2,Top-1 (8)
sftp_rename,libssh2,Not Found
diffie_hellman_sha256,libssh2,Top-25 (7) (tie)
sftp_symlink,libssh2,Top-1 (0)
sftp_unlink,libssh2,Top-25 (0) (tie)
sftp_attr2bin,libssh2,Not Found
sftp_mkdir,libssh2,Top-25 (0) (tie)
