function,lib,name
ftp_statemachine,libcurl,ftp_statemachine
Curl_free_primary_ssl_config,libcurl,Curl_free_primary_ssl_config
Curl_http_body,libcurl,Curl_http_body
smtp_done,libcurl,smtp_done
Curl_follow,libcurl,Curl_follow
sectransp_connect_step1,libcurl,sectransp_connect_step1
Curl_getworkingpath,libcurl,Curl_getworkingpath
conn_is_conn,libcurl,conn_is_conn
config_init,curl,config_init
curl_easy_duphandle,libcurl,curl_easy_duphandle
check_telnet_options,libcurl,check_telnet_options
suboption,libcurl,suboption
ftp_setup_connection,libcurl,ftp_setup_connection
Curl_getconnectinfo,libcurl,Curl_getconnectinfo
Curl_http_host,libcurl,Curl_http_host
Curl_retry_request,libcurl,Curl_retry_request
smb_done,libcurl,smb_done
getparameter,curl,getparameter
Curl_close,libcurl,Curl_close
ftp_do_more,libcurl,ftp_do_more
ftp_do,libcurl,ftp_do
Curl_clone_primary_ssl_config,libcurl,Curl_clone_primary_ssl_config
tool_header_cb,curl,tool_header_cb
Curl_vsetopt,libcurl,Curl_vsetopt
Curl_build_unencoding_stack,libcurl,Curl_build_unencoding_stack
Curl_safecmp,libcurl,Curl_safecmp
Curl_http_output_auth,libcurl,Curl_http_output_auth
ssh_statemach_act,libcurl,ssh_statemach_act
multi_done,libcurl,multi_done
krb5_decode,libcurl,krb5_decode
Curl_init_CONNECT,libcurl,Curl_init_CONNECT
curl_multi_add_handle,libcurl,curl_multi_add_handle
Curl_open,libcurl,Curl_open
Curl_add_custom_headers,libcurl,Curl_add_custom_headers
Curl_auth_decode_ntlm_type2_message,libcurl,Curl_auth_decode_ntlm_type2_message
Curl_resolv_timeout,libcurl,Curl_resolv_timeout
create_transfer,curl,create_transfer
Curl_http_method,libcurl,Curl_http_method
curl_multi_remove_handle,libcurl,curl_multi_remove_handle
set_ssl_ciphers,libcurl,set_ssl_ciphers
tool_version_info,curl,tool_version_info
servercert,libcurl,servercert
Curl_ssl_config_matches,libcurl,Curl_ssl_config_matches
conn_free,libcurl,conn_free
safecmp,libcurl,safecmp
ftp_disconnect,libcurl,ftp_disconnect
display_conn_info,libcurl,display_conn_info
Curl_allow_auth_to_host,libcurl,Curl_allow_auth_to_host
post_per_transfer,curl,post_per_transfer
Curl_auth_create_plain_message,libcurl,Curl_auth_create_plain_message
Curl_cookie_add,libcurl,Curl_cookie_add
ConnectionExists,libcurl,ConnectionExists
telnet_done,libcurl,telnet_done
Curl_ntlm_core_mk_nt_hash,libcurl,Curl_ntlm_core_mk_nt_hash
Curl_connect,libcurl,Curl_connect
ftp_parse_url_path,libcurl,ftp_parse_url_path
tftp_connect,libcurl,tftp_connect
smtp_endofresp,libcurl,smtp_endofresp
Curl_auth_create_ntlm_type3_message,libcurl,Curl_auth_create_ntlm_type3_message
tftp_send_first,libcurl,tftp_send_first
Curl_cert_hostcheck,libcurl,Curl_cert_hostcheck
read_data,libcurl,read_data
ftp_state_prepare_transfer,libcurl,ftp_state_prepare_transfer
voutf.isra.0,curl,voutf.isra.0
schannel_connect_step1,libcurl,schannel_connect_step1
Curl_init_userdefined,libcurl,Curl_init_userdefined
ftp_done,libcurl,ftp_done
